{
	"url_hub_sso": "https://wastfcdvlbr01.bs.br.bsch/sso/authenticate/internal-basic?gw-app-key=096bd5f01e670136a9bf0050569009ca",
  "url_hub_sso_homolog": "https://ssohub-hml.bs.br.bsch/sso/authenticate/internal-basic?gw-app-key=096bd5f01e670136a9bf0050569009ca",
  "url_hub_sso_mock": "http://local.santanderbr.pre.corp:8002/sso/authenticate/internal-basic?gw-app-key=096bd5f01e670136a9bf0050569009ca",
	"url_encryption": "https://esbapi.isbanbr.dev.corp/security/v1/key/public/js?gw-app-key=096bd5f01e670136a9bf0050569009ca",
	"system_code": "INSIRA AQUI A SIGLA RESPECTIVA A APLICAÇÃO SPA CADASTRADA NO HUB",
	"url_front_log": "https://esbapi.isbanbr.dev.corp/COLOQUE_A_SUA_URL_DE_LOG_AQUIgw-app-key=096bd5f01e670136a9bf0050569009ca"
}
