{
  "lintOptions": {
    "typeCheck": true
  },
  "defaultSeverity": "error",
  "extends": [ "tslint:recommended" ],
  "jsRules": { "no-unused-expression": true },
  "rules": {
    "trailing-comma": [true, {
      "multiline": {
        "objects": "always",
        "arrays": "always",
        "functions": "never",
        "typeLiterals": "ignore"
      },
      "esSpecCompliant": true
    }],
    "no-unused-variable": true,
    "eofline": false,
    "typedef": [
      true,
      "call-signature",
      "property-declaration"
    ],
    "quotemark": [ true, "single" ],
    "indent": true,
    "member-access": [ false ],
    "ordered-imports": [ false ],
    "max-line-length": [ true, 150 ],
    "member-ordering": [ false ],
    "curly": false,
    "interface-name": [ false ],
    "array-type": [ false ],
    "no-empty-interface": false,
    "no-empty": false,
    "arrow-parens": false,
    "object-literal-sort-keys": false,
    "no-unused-expression": true,
    "max-classes-per-file": [ true ],
    "variable-name": [ false ],
    "one-line": [ false ],
    "one-variable-per-declaration": [ false ]
  },
  "exclude": [
    "node_modules"
  ],
  "rulesDirectory": []
}